,"Nom","Type_Sun","Type_Odile","Type_Cao","Type_total","Label","Family","Subfamille","Genus","Subgenus","Species","Level","AP_NAP","PT_sl","PT_ss","PT_ss.label","PT_sl.label"
"Acantholimon","Acantholimon",,,"Acantholimon spp.",,,,,,,,,"ShP",,,"Acantholimon spp.","Plumbaginaceae"
"Acer","Acer","ACER","ACER","Acer","ACER","Acer spp.","Sapindaceae",,"Acer",,,3,"AP","Acer","Acer","Acer spp.","Acer spp."
"Alisma","Alisma",,,"Alisma spp.",,,,,,,,,"Other",,,"Alisma spp.","Alisma spp."
"Allium t","Allium t","NA","ABS","Liliaceae","LILIAC","Allium-type","Amaryllidaceae",,"Allium",,,1,"NAP","Amaryllidaceae","Allium","Allium spp.","Amaryllidaceae"
"Alnus","Alnus","ALNU","ALNUS","Alnus","ALNUS","Alnus spp.","Betulaceae",,"Alnus",,,3,"AP","Alnus","Alnus","Alnus spp.","Alnus spp."
"Ampelopsis","Ampelopsis","NA","VITIS","NA","VITIS","Ampelopsis spp.","Vitaceae",,"Ampelopsis",,,1,"NAP","Vitaceae","Ampelopsis","Ampelopsis spp.","Vitaceae"
"Apiaceae","Apiaceae","NA","APIACEAE","Apiaceae","APIACEAE","Apiaceae","Apiaceae",,,,,1,"NAP","Apiaceae","Apiaceae","Apiaceae","Apiaceae"
"Apocynaceae","Apocynaceae",,,"Apocynaceae",,,,,,,,,"NAP",,,"Apocynaceae","Apocynaceae"
"Artemisia","Artemisia","ARTE","ARTEMISI","Artemisia","ARTEMISI","Artemisia spp.","Asteraceae",,"Artemisia",,,3,"NAP","Artemisia","Artemisia","Artemisia spp.","Artemisia spp."
"Arum","Arum",,,"Arum spp.",,,,,,,,,"NAP",,,"Arum spp.","Arum spp."
"Asphodelaceae","Asphodelaceae",,,"Asphodelaceae",,,,,,,,,"NAP",,,"Asphodelaceae","Asphodelaceae"
"Aster t","Aster t","ASTE","COMPOSEE","Asteraceae","COMPOSEE","Asteroideae-type","Asteraceae","Asteroideae","Aster",,,2,"NAP","Asteroideae","Aster","Aster-type","Asteroideae"
"Asteroideae","Asteroideae","NA","COMPOSEE","Asteraceae","COMPOSEE","Asteroideae-type","Asteraceae","Asteroideae",,,,2,"NAP","Asteroideae","Asteroideae","Asteroideae","Asteroideae"
"Berberis","Berberis",,,"Berberis spp.",,,,,,,,,"ShP",,,"Berberis spp.","Berberis spp."
"Betula","Betula","BETU","BETULA","Betula","BETULA","Betula spp.","Betulaceae",,"Betula",,,3,"AP","Betula","Betula","Betula spp.","Betula spp."
"Bignonaceae","Bignonaceae",,,"Bignonaceae",,,,,,,,,"NAP",,,"Bignonaceae","Bignonaceae"
"Boraginaceae","Boraginaceae","NA","BORAGINA","Boraginaceae","BORAGINA","Boraginaceae","Boraginaceae",,,,,1,"NAP","Boraginaceae","Boraginaceae","Boraginaceae","Boraginaceae"
"Brassicaceae","Brassicaceae","NA","BRASSICA","Brassicaceae","BRASSICA","Brassicaceae","Brassicaceae",,,,,1,"NAP","Brassicaceae","Brassicaceae","Brassicaceae","Brassicaceae"
"Calligonum t","Calligonum t","NA","CALLIGO","Calligonum","CALLIGO","Calligonum-type","Polygonaceae",,"Calligonum",,,3,"ShP","Calligonum","Calligonum","Calligonum-type","Calligonum-type"
"Campanula","Campanula","NA","CAMPANUL","NA","CAMPANUL","Campanulaceae","Campanulaceae",,"Campanula",,,1,"NAP","Campanulaceae","Campanula","Campanula-type","Campanula-type"
"Capparaceae","Capparaceae",,,"Capparaceae",,,,,,,,,"ShP",,,"Capparaceae","Capparaceae"
"Cardueae","Cardueae","ASTE","COMPTUBU","Asteraceae","COMPTUBU","Carduoideae-type","Asteraceae","Cardueae",,,,2,"NAP","Cardueae","Cardueae","Cardueae","Cardueae"
"Carpinus betulus","Carpinus betulus","CARP","CARPINUS","Carpinus","CARPINUS","Carpinus betulus","Betulaceae",,"Carpinus",,"Carpinus betulus",3,"AP","Carpinus","Carpinus betulus","Carpinus betulus","Carpinus spp."
"Carpinus orientalis","Carpinus orientalis","CARP","CARPINUS","Carpinus","CARPINUS","Carpinus orientalis","Betulaceae",,"Carpinus",,"Carpinus orientalis",3,"AP","Carpinus","Carpinus orientalis","Carpinus orientalis","Carpinus spp."
"Caryophyllaceae","Caryophyllaceae","NA","CARYOPHY","Caryophyllaceae","CARYOPHY","Caryophyllaceae","Caryophyllaceae",,,,,1,"NAP","Caryophyllaceae","Caryophyllaceae","Caryophyllaceae","Caryophyllaceae"
"Celtis","Celtis",,,"Celtis spp.",,,,,,,,,"AP",,,"Celtis spp.","Celtis spp."
"Centaurea","Centaurea","NA","CENTAURE","NA","CENTAURE","Centaurea spp.","Asteraceae",,"Centaurea",,,3,"NAP","Centaurea","Centaurea","Centaurea spp.","Centaurea spp."
"Cerealia","Cerealia","NA","CEREALIA","Cerealia","CEREALIA","Cerealia-type","Poaceae","Cerealia",,,,2,"NAP","Cerealia","Cerealia","Cerealia-type","Cerealia-type"
"Chenopodiaceae","Chenopodiaceae","CHEN","CHENOPOD","Chenopodiaceae","CHENOPOD","Amaranthaceae","Amaranthaceae",,,,,1,"NAP","Amaranthaceae","Amaranthaceae","Amaranthaceae","Amaranthaceae"
"Cichorioideae","Cichorioideae","NA","COMPLIGU","Asteraceae","COMPLIGU","Cichorioideae-type","Asteraceae","Cichorioideae",,,,2,"NAP","Cichorioideae","Cichorioideae","Cichorioideae","Cichorioideae"
"Cirsium","Cirsium","NA","COMPTUBU","Asteraceae","COMPTUBU","Cirsium spp.","Asteraceae","Cardueae","Cirsium",,,2,"NAP","Cardueae","Cirsium","Cirsium-type","Cardueae"
"Cistanche","Cistanche","OROBA","ABS","Scrophulariaceae","SCROFULA","Cistanche spp.","Scrophulariaceae",,"Cistanche",,,1,"NAP","Scrophulariaceae","Cistanche","Cistanche spp.","Scrophulariaceae-type"
"Convolvulus","Convolvulus","CONV_US","ABS","Convolvulaceae","CONVOL","Convolvulaceae","Convolvulaceae",,"Convolvulus",,,1,"NAP","Convolvulaceae","Convolvulus","Convolvulus spp.","Convolvulus-type"
"Corylus","Corylus","CRYL","CORYLUS","Corylus","CORYLUS","Corylus spp.","Betulaceae",,"Corylus",,,3,"AP","Corylus","Corylus","Corylus spp.","Corylus spp."
"Cousinia sp","Cousinia sp","NA","COMPTUBU","Asteraceae","COMPTUBU","Cousinia spp.","Asteraceae","Cardueae","Cousinia",,,2,"NAP","Cardueae","Cousinia","Cousinia spp.","Cousinia spp."
"Crassulaceae","Crassulaceae",,,"Crassulaceae",,,,,,,,,"NAP",,,"Crassulaceae","Crassulaceae"
"Cyperaceae","Cyperaceae","CYPE","CYPERACE","Cyperaceae","CYPERACE","Cyperaceae","Cyperaceae",,,,,1,"NAP","Cyperaceae","Cyperaceae","Cyperaceae","Cyperaceae"
"Datiscaceae","Datiscaceae",,,"Datiscaceae",,,,,,,,,"NAP",,,"Datiscaceae","Datiscaceae"
"Diospyros lotus","Diospyros lotus",,,"Diospyros lotus",,,,,,,,,"AP",,,"Diospyros lotus","Diospyros lotus"
"Dipsacaceae","Dipsacaceae","NA","DIPSACAC","Dipsacaceae","DIPSACAC","Dipsacaceae","Caprifoliaceae",,,,,1,"NAP","Caprifoliaceae","Caprifoliaceae","Knautia-type","Caprifoliaceae"
"Echinops","Echinops","ECHIN","COMPTUBU","Asteraceae","COMPTUBU","Echinops spp.","Asteraceae","Cardueae","Echinops",,,2,"NAP","Cardueae","Echinops","Echinops spp.","Cardueae"
"Elaeagnus","Elaeagnus","ELAG","ABS","Elaeagnus","ELEAGNUS","Elaeagnus spp.","Elaeagnaceae",,"Elaeagnus",,,3,"AP","Elaeagnus","Elaeagnus","Elaeagnus spp.","Elaeagnus spp."
"Ephedra distachia","Ephedra distachia","NA","EPHEDRAD","Ephedra","EPHEDRAD","Ephedra distachya","Ephedraceae",,"Ephedra",,"Ephedra distachya",5,"ShP","Ephedra distachya","Ephedra distachya","Ephedra distachya-type","Ephedra distachya-type"
"Ephedra fragilis","Ephedra fragilis","NA","EPHEDRAF","Ephedra","EPHEDRAF","Ephedra fragilis","Ephedraceae",,"Ephedra",,"Ephedra fragilis",5,"ShP","Ephedra fragilis","Ephedra fragilis","Ephedra fragilis-type","Ephedra fragilis-type"
"Epilobium","Epilobium","EPILOBIU","ABS","Epilobium spp.","EPILOBIU","Epilobium spp.","Onagraceae",,"Epilobium",,,3,"NAP","Epilobium","Epilobium","Epilobium-type","Epilobium-type"
"Equisetum","Equisetum",,,"Equisetum spp.",,,,,,,,,"Other",,,"Equisetum spp.","Equisetum spp."
"Eremurus","Eremurus","PHOD","ABS","Liliaceae","LILIAC","Eremurus spp.","Asphodelaceae",,"Eremurus",,,1,"NAP","Eremurus","Eremurus","Eremurus spp.","Eremurus spp."
"Ericaceae","Ericaceae","ERIC","ERICACEA","Ericaceae","ERICACEA","Ericaceae (temperate)","Ericaceae",,,,,1,"ShP","Ericaceae","Ericaceae","Ericaceae","Ericaceae"
"Euphorbia","Euphorbia",,"EUPHORBI","Euphorbia-type","EUPHORBI",,,,,,,,"NAP",,,"Euphorbia-type","Euphorbia-type"
"Euphorbia-type","Euphorbia-type",,"EUPHORBI","Euphorbia-type","EUPHORBI",,,,,,,,"NAP",,,"Euphorbia-type","Euphorbia-type"
"Euphrasia","Euphrasia","NA","SCROFULA","Scrophulariaceae","SCROFULA","Euphrasia spp.","Scrophulariaceae",,"Euphrasia",,,1,"NAP","Scrophulariaceae","Euphrasia","Euphrasia spp.","Scrophulariaceae-type"
"Fabaceae","Fabaceae","NA","FABACEAE","Fabaceae_undiff","FABACEAE","Fabaceae (undet.)","Fabaceae",,,,,1,"NAP","Fabaceae","Fabaceae","Fabaceae","Fabaceae"
"Ferula sp","Ferula sp","NA","APIACEAE","Apiaceae","APIACEAE","Ferula spp.","Apiaceae",,"Ferula",,,1,"NAP","Apiaceae","Ferula","Ferula spp.","Apiaceae"
"Fraxinus","Fraxinus","FRAX","FRAXINUS","Fraxinus spp.","FRAXINUS","Fraxinus spp.","Oleaceae",,"Fraxinus",,,3,"AP","Fraxinus","Fraxinus","Fraxinus spp.","Fraxinus spp."
"Gagea sp","Gagea sp","NA","ABS","Liliaceae","LILIAC","Gagea spp.","Amaryllidaceae",,"Gagea",,,1,"NAP","Amaryllidaceae","Gagea","Gagea-type","Amaryllidaceae"
"Gentiana t","Gentiana t","GENT","GENT","Gentianaceae","GENT","Gentiana-type","Gentianaceae",,"Gentiana",,,1,"NAP","Gentianaceae","Gentiana","Gentiana-type","Gentianaceae"
"Gentianaceae","Gentianaceae",,,"Gentianaceae","GENT",,,,,,,,"NAP",,,"Gentianaceae","Gentianaceae"
"Geranium","Geranium","GERA","ABS","Geraniaceae","GERANI","Geranium-type","Geraniaceae",,"Geranium",,,1,"NAP","Geraniaceae","Geranium","Geranium spp.","Geraniaceae"
"Haloxylon t","Haloxylon t","NA","CHENOPOD","Chenopodiaceae","CHENOPOD","Haloxylon spp.","Amaranthaceae",,"Haloxylon",,,1,"ShP","Amaranthaceae","Haloxylon","Haloxylon-type","Amaranthaceae"
"Haplophyllum","Haplophyllum","NA","ABS","Rutaceae","RUTAC","Haplophyllum spp.","Rutaceae",,"Haplophyllum",,,1,"NAP","Rutaceae","Haplophyllum","Haplophyllum spp.","Rutaceae"
"Helianthemum","Helianthemum","NA","HELIANTH","NA","HELIANTH","Helianthemum spp.","Cistaceae",,"Helianthemum",,,3,"NAP","Helianthemum","Helianthemum","Helianthemum spp.","Cistaceae"
"Heliotropium","Heliotropium","NA","BORAGINA","Boraginaceae","BORAGINA","Heliotropium spp.","Boraginaceae",,"Heliotropium",,,1,"NAP","Boraginaceae","Heliotropium","Heliotropium spp.","Boraginaceae"
"Hypecoum","Hypecoum","NA","ABS","Papaveraceae","PAPAVER","Hypecoum spp.","Papaveraceae",,"Hypecoum",,,1,"NAP","Papaveraceae","Hypecoum","Hypecoum spp.","Papaveraceae"
"Hypericum t","Hypericum t","NA","ABS","Hypericaceae","ABS","Hypericum-type","Hypericaceae",,"Hypericum",,,1,"NAP","Hypericum","Hypericum","Hypericum spp.","Hypericum spp."
"Hyppophae","Hyppophae","HIPP","HIPPOPHA","Hippophae","HIPPOPHA","Hippophae spp.","Elaeagnaceae",,"Hippophae",,,3,"AP","Hippophae","Hippophae","Hippophae spp.","Hippophae spp."
"Incertae sedis","Incertae sedis",,,"Incertae sedis",,,,,,,,,"Other",,,"Incertae sedis","Incertae sedis"
"Juglans","Juglans","JUGL","JUGLANS","Juglans","JUGLANS","Juglans spp.","Juglandaceae",,"Juglans",,,3,"AP","Juglans","Juglans","Juglans regia","Juglans regia"
"Juncus-type","Juncus-type",,,"Juncus-type",,,,,,,,,"NAP",,,"Juncus-type","Juncus-type"
"Juniperus","Juniperus","NA","JUNIPERU","Juniperus","JUNIPERU","Juniperus spp.","Cupressaceae",,"Juniperus",,,3,"AP","Juniperus","Juniperus","Juniperus spp.","Juniperus spp."
"Knautia","Knautia",,,"Knautia spp.",,,,,,,,,"NAP",,,"Knautia spp.","Caprifoliaceae"
"Lamiaceae","Lamiaceae","LABI","LABI","Lamiaceae","LABI","Lamiaceae","Lamiaceae",,,,,1,"NAP","Lamiaceae","Lamiaceae","Lamiaceae","Lamiaceae"
"Liliaceae","Liliaceae","NA","ABS","Liliaceae","LILIAC","Liliaceae","Liliaceae",,,,,1,"NAP","Liliaceae","Liliaceae","Liliaceae-type","Liliaceae-type"
"Limonium t","Limonium t","NA","PLUMBAGI","NA","PLUMBAGI","Limonium-type","Plumbaginaceae",,"Limonium",,,1,"AP","Plumbaginaceae","Limonium","Limonium-type","Plumbaginaceae"
"Linum","Linum",,,"Linum spp.",,,,,,,,,"NAP",,,"Linum spp.","Linum spp."
"Lonicera","Lonicera","LONI","LONICERA","NA","LONICERA","Lonicera spp.","Caprifoliaceae",,"Lonicera",,,3,"AP","Lonicera","Lonicera","Lonicera spp.","Caprifoliaceae"
"Malvaceae","Malvaceae","MALV","ABS","Malvaceae","MALVAC","Malvaceae","Malvaceae",,,,,1,"NAP","Malvaceae","Malvaceae","Malvaceae","Malvaceae"
"Matricaria t","Matricaria t","NA","COMPOSEE","Asteraceae","COMPOSEE","Matricaria-type","Asteraceae","Asteroideae","Matricaria",,,2,"NAP","Asteroideae","Matricaria","Matricaria-type","Asteroideae"
"Mazaceae","Mazaceae",,,"Mazaceae",,,,,,,,,"NAP",,,"Mazaceae","Mazaceae"
"Mentha t","Mentha t","NA","LABI","Lamiaceae","LABI","Mentha-type","Lamiaceae",,"Mentha",,,1,"NAP","Lamiaceae","Mentha","Mentha-type","Lamiaceae"
"Morus","Morus","MORA","ABS","Morus","MORUS","Morus spp.","Moraceae",,"Morus",,,3,"AP","Morus","Morus","Morus spp.","Morus spp."
"Nitraria","Nitraria",,,,"NITRAR","Nitraria spp.","Nitrariaceae",,"Nitraria",,,3,"NAP","Nitraria","Nitraria","Nitraria spp.","Nitrariaceae"
"Nonea sp","Nonea sp","NA","BORAGINA","Boraginaceae","BORAGINA","Nonea spp.","Boraginaceae",,"Nonea",,,1,"NAP","Boraginaceae","Nonea","Nonea spp.","Boraginaceae"
"Orchidaceae","Orchidaceae",,,"Orchidaceae",,,,,,,,,"NAP",,,"Orchidaceae","Orchidaceae"
"Papaver Roemeria","Papaver Roemeria","NA","ABS","Papaveraceae","PAPAVER","Papaver-Roemeria-type","Papaveraceae",,,,,1,"NAP","Papaveraceae","Papaveraceae","Papaver-Roemeria-type","Papaveraceae"
"Papaveraceae","Papaveraceae","NA","ABS","Papaveraceae","PAPAVER","Papaver-Roemeria-type","Papaveraceae",,,,,1,"NAP","Papaveraceae","Papaveraceae","Papaveraceae","Papaveraceae"
"Pedicularis","Pedicularis","PEDE","SCROFULA","Scrophulariaceae","SCROFULA","Pedicularis spp.","Scrophulariaceae",,"Pedicularis",,,1,"NAP","Scrophulariaceae","Pedicularis","Pedicularis spp.","Scrophulariaceae-type"
"Peganum harmala","Peganum harmala","PEGA","ZYGOPHYL","Peganum","PEGANUM","Peganum harmala","Zygophyllaceae",,"Peganum",,"Peganum harmala",1,"NAP","Zygophyllaceae","Peganum harmala","Peganum harmala","Peganum harmala"
"Phragmites","Phragmites",,,"Phragmites spp.",,,,,,,,,"NAP",,,"Phragmites spp.","Phragmites spp."
"Pinus diplo","Pinus diplo","NA","PINUSDIP","Pinus","PINUSDIP","Pinus-diploxylon","Pinaceae",,"Pinus","Pinus diploxylon",,4,"AP","Pinus diploxylon","Pinus diploxylon","Pinus Diploxylon-type","Pinus spp."
"Pinus diplo halves","Pinus diplo halves","NA","PINUSDIP","Pinus","PINUSDIP","Pinus-diploxylon","Pinaceae",,"Pinus","Pinus diploxylon",,4,"AP","Pinus diploxylon","Pinus diploxylon","Pinus Diploxylon-type","Pinus spp."
"Pinus haplo","Pinus haplo","NA","PINUSHAP","NA","PINUSHAP","Pinus-haploxylon","Pinaceae",,"Pinus","Pinus haploxylon",,4,"AP","Pinus haploxylon","Pinus haploxylon","Pinus Haploxylon-type","Pinus spp."
"Pinus indet","Pinus indet","NA","PINUSDIP","Pinus","PINUUND","Pinus (undet.)","Pinaceae",,"Pinus",,,3,"AP","Pinus","Pinus","Pinus spp.","Pinus spp."
"Pistacia","Pistacia","NA","PISTACIA","Pistacia","PISTACIA","Pistacia spp.","Anacardiaceae",,"Pistacia",,,3,"AP","Pistacia","Pistacia","Pistacia spp.","Anacardiaceae"
"Plantago","Plantago","PLANTA","PLANTAGO","Plantago","PLANTAGO","Plantago","Plantaginaceae",,"Plantago",,,1,"NAP","Plantago","Plantago","Plantago","Plantago spp."
"Plantago alpina t","Plantago alpina t","PLANTA","PLANTAGO","Plantago","PLANTAGO","Plantago coronopus-type","Plantaginaceae",,"Plantago",,"Plantago coronopus",3,"NAP","Plantago","Plantago coronopus","Plantago coronopus-type","Plantago spp."
"Plantago coronopus t","Plantago coronopus t","PLANTA","PLANTAGO","Plantago","PLANTAGO","Plantago coronopus","Plantaginaceae",,"Plantago",,"Plantago coronopus",3,"NAP","Plantago","Plantago coronopus","Plantago coronopus-type","Plantago spp."
"Plantago lanceolata","Plantago lanceolata","NA","PLANTAGL","NA","PLANTAGL","Plantago lanceolata","Plantaginaceae",,"Plantago",,"Plantago lanceolata",3,"NAP","Plantago","Plantago lanceolata","Plantago lanceolata-type","Plantago spp."
"Plantago major","Plantago major","PLANTA","PLANTAGO","Plantago","PLANTAGO","Plantago major","Plantaginaceae",,"Plantago",,"Plantago major",3,"NAP","Plantago","Plantago major","Plantago major-type","Plantago spp."
"Plantago media","Plantago media","PLANTA","PLANTAGO","Plantago","PLANTAGO","Plantago media","Plantaginaceae",,"Plantago",,"Plantago major",3,"NAP","Plantago","Plantago media","Plantago major-type","Plantago spp."
"Platanus","Platanus",,"PLATANUS","Platanus","PLATANUS","Platanus spp.","Platanaceae",,"Platanus",,,3,"AP","Platanus","Platanus","Platanus spp.","Platanus spp."
"Poaceae","Poaceae","POAC","POACEAE","Poaceae","POACEAE","Poaceae","Poaceae",,,,,1,"NAP","Poaceae","Poaceae","Poaceae","Poaceae"
"Polygonum t","Polygonum t","POLYG","POLYGONU","Polygonum","POLYGONU","Polygonum spp.","Polygonaceae",,"Polygonum",,,1,"NAP","Polygonaceae","Polygonum","Polygonum-type","Polygonum-type"
"Populus","Populus","POPU","POPULUS","Populus","POPULUS","Populus spp.","Salicaceae",,"Populus",,,3,"AP","Populus","Populus","Populus spp.","Populus spp."
"Potamogeton","Potamogeton",,,"Potamogeton spp.",,,,,,,,,"Other",,,"Potamogeton spp.","Potamogeton spp."
"Potentilla t","Potentilla t","POTE","ROSH","Rosaceae","ROSH","Rosaceae (herb)","Rosaceae",,"Potentilla",,,1,"NAP","Rosaceae","Potentilla","Potentilla-type","Potentilla-type"
"Primula","Primula","PRXX","ABS","Primulaceae","PRIMUL","Primula spp.","Primulaceae",,"Primula",,,1,"NAP","Primulaceae","Primula","Primula spp.","Primulaceae"
"Primulaceae","Primulaceae",,,"Primulaceae",,,,,,,,,"NAP",,,"Primulaceae","Primulaceae"
"Pterocarya","Pterocarya","PTCA","ABS","Pterocarya","PTEROC","Pterocarya spp.","Juglandaceae",,"Pterocarya",,,3,"AP","Pterocarya","Pterocarya","Pterocarya spp.","Pterocarya spp."
"Punica granatum","Punica granatum",,,"Punica granatum",,,,,,,,,"AP",,,"Punica granatum","Punica granatum"
"Quercus decidue","Quercus decidue",,"QUERCADU","Quercus deciduous","QUERCADU","Quercus deciduous","Fagaceae","Quercus deciduous","Quercus",,,2,"AP","Quercus deciduous","Quercus deciduous","Quercus deciduous","Quercus deciduous"
"Ranunculaceae","Ranunculaceae","RANU","RANUNCUL","Ranunculaceae","RANUNCUL","Ranunculaceae","Ranunculaceae",,,,,1,"NAP","Ranunculaceae","Ranunculaceae","Ranunculaceae","Ranunculaceae"
"Reseda","Reseda",,"ABS","Reseda spp.","ABS",,,,,,,,"NAP",,,"Reseda spp.","Resedaceae"
"Rhamnaceae","Rhamnaceae","RHME","RHAMNACE","Rhamnaceae","RHAMNACE","Rhamnaceae","Rhamnaceae",,,,,1,"AP","Rhamnaceae","Rhamnaceae","Rhamnus spp.","Rhamnaceae"
"Ribes","Ribes",,,"Ribes spp.",,,,,,,,,"ShP",,,"Ribes spp.","Ribes spp."
"Rosaceae (herb)","Rosaceae (herb)",,,"Rosaceae (herb)",,,,,,,,,"NAP",,,"Rosaceae (herb)","Rosaceae (herb)"
"Rosaceae shrub","Rosaceae shrub","ROSAC","ROSACEAE","Rosaceae","ROSACEAE","Rosaceae (shrub)","Rosaceae",,,,,1,"ShP","Rosaceae","Rosaceae","Rosaceae (shrub)","Rosaceae"
"Rosaceae tree","Rosaceae tree","ROSAC","ROSACEAE","Rosaceae","ROSACEAE","Rosaceae (tree)","Rosaceae",,,,,1,"AP","Rosaceae","Rosaceae","Rosaceae (tree)","Rosaceae"
"Rubiaceae","Rubiaceae","RUBI","RUBIACEA","Rubiaceae","RUBIACEA","Rubiaceae","Rubiaceae",,,,,1,"NAP","Rubiaceae","Rubiaceae","Galium-type","Galium-type"
"Rumex","Rumex","RUME","RUMEX","Rumex","RUMEX","Rumex spp.","Polygonaceae",,"Rumex",,,3,"NAP","Rumex","Rumex","Rumex spp.","Polygonaceae"
"Salix","Salix","SALI","SALIX","Salix","SALIX","Salix spp.","Salicaceae",,"Salix",,,3,"AP","Salix","Salix","Salix spp.","Salix spp."
"Sambucus","Sambucus",,"SAMBUCUS",,"SAMBUCUS","Sambucus spp.","Adoxaceae",,"Sambucus",,,3,"AP","Sambucus","Sambucus","Sambucus spp.","Sambucus spp."
"Sanguisorba t","Sanguisorba t","SANG","SANGUISO","Rosaceae","SANGUISO","Sanguisorba spp.","Rosaceae",,"Sanguisorba",,,3,"NAP","Sanguisorba","Sanguisorba","Sanguisorba-type","Sanguisorba-type"
"Saxifraga","Saxifraga","SAXI","SAXIFRAG","Saxifragaceae_undiff","SAXIFRAG","Saxifraga spp.","Saxifragaceae",,"Saxifraga",,,1,"NAP","Saxifragaceae","Saxifraga","Saxifraga-type","Saxifragaceae"
"Scrophulariaceae","Scrophulariaceae","SCRO","SCROFULA","Scrophulariaceae","SCROFULA","Scrophulariaceae","Scrophulariaceae",,,,,1,"NAP","Scrophulariaceae","Scrophulariaceae","Scrophulariaceae-type","Scrophulariaceae-type"
"Sedum","Sedum","SEXX","CRASSULA","Crassulaceae","CRASSULA","Crassulaceae","Crassulaceae",,"Sedum",,,1,"NAP","Crassulaceae","Sedum","Sedum-type","Crassulaceae"
"Senecio t","Senecio t","NA","COMPOSEE","Asteraceae","COMPOSEE","Senecio-type","Asteraceae","Asteroideae","Senecio",,,2,"NAP","Asteroideae","Senecio","Senecio-type","Asteroideae"
"Solanaceae","Solanaceae","SOLA","ABS","Solanaceae","SOLANAC","Solanaceae","Solanaceae",,,,,1,"NAP","Solanaceae","Solanaceae","Solanaceae","Solanaceae"
"Spore","Spore",,,"Spore",,,,,,,,,"Other",,,"Spore","Spore"
"Swertia","Swertia","NA","GENT","Gentianaceae","GENT","Swertia lactea","Gentianaceae",,"Swertia",,"Swertia lactea",1,"NAP","Gentianaceae","Swertia lactea","Swertia lactea","Gentianaceae"
"Tamarix","Tamarix","NA","TAMARIS","Tamarix","TAMARIS","Tamarix spp.","Tamaricaceae",,"Tamarix",,,3,"ShP","Tamarix","Tamarix","Tamarix spp.","Tamarix spp."
"Thalictrum","Thalictrum","THAL","THALICTR","Thalictrum","THALICTR","Thalictrum spp.","Ranunculaceae",,"Thalictrum",,,3,"NAP","Thalictrum","Thalictrum","Thalictrum spp.","Thalictrum spp."
"Thymelaceae","Thymelaceae","THYM","THYM","Thymelaeaceae","THYM","Thymelaeaceae","Thymelaeaceae",,,,,1,"ShP","Thymelaeaceae","Thymelaeaceae","Thymelaeaceae","Thymelaeaceae"
"Tribulus","Tribulus","TRBL","ZYGOPHYL","Zygophyllaceae","ZYGOPHYL","Tribulus terrestris","Zygophyllaceae",,"Tribulus",,,3,"NAP","Tribulus","Tribulus","Tribulus spp.","Tribulus spp."
"Ulmus","Ulmus","NA","ULMUS","Ulmus","ULMUS","Ulmus spp.","Ulmaceae",,"Ulmus",,,3,"AP","Ulmus","Ulmus","Ulmus spp.","Ulmus spp."
"Urtica sp","Urtica sp","URTX","URTICACE","Urtica","URTICA","Urtica spp.","Urticaceae",,"Urtica",,,3,"NAP","Urtica","Urtica","Urtica spp.","Urtica spp."
"Valeriana sp","Valeriana sp","VALR","ABS","Valerianaceae","VALERIA","Valeriana spp.","Caprifoliaceae",,"Valeriana",,,1,"NAP","Caprifoliaceae","Valeriana","Valeriana-type","Caprifoliaceae"
"Vitaceae","Vitaceae",,"VITIS","Vitaceae","VITIS",,,,,,,,"NAP",,,"Vitaceae","Vitaceae"
"Zygophyllum","Zygophyllum","NA","ZYGOPHYL","Zygophyllum","ZYGPHLUM","Zygophyllum spp.","Zygophyllaceae",,"Zygophyllum",,,3,"NAP","Zygophyllum","Zygophyllum","Zygophyllum spp.","Zygophyllaceae"
"Monolete","Monolete","NA","ABS",,"ABS",,,,,,,,"Other",,,"Spore monolète","Spore"
"Trilete","Trilete","NA","ABS",,"ABS",,,,,,,,"Other",,,"Spore","Spore"
