"","Age","MAAT","MAP","MTWAQ","MTCOQ","MPWAQ","MPCOQ","Tspr","Tsum","Pspr","Pwin","AI","MAF"
"1",-71,9.51848178710016,404.325719042363,21.6032116722252,-2.08651651652748,28.5122877673722,130.751617177755,8.76228280831139,21.484413269165,191.118856443555,128.473090972871,3068.24886845583,12.2090696765817
"2",-28,9.79167547231692,406.977227911789,21.7573173697356,-1.56996419923131,27.3459039355338,131.015003422792,9.1131177061264,21.6772709232747,193.977301982349,128.910862800896,3069.72643181061,12.1774579020611
"3",18,7.93310968480087,466.422857255106,20.1006411699218,-4.42686164847865,29.9097062229537,147.161007391583,6.45816297082285,20.7559566207439,204.871810018989,139.758473124371,3388.82775402241,12.3966008838725
"4",86,8.58484726725516,509.846744489789,20.4603218333404,-4.33954289447916,30.8411939814118,161.298659318984,7.03941689783049,20.7324121909072,235.710288045194,168.832445465594,3721.45929102359,11.8580505138742
"5",133,8.93338086935137,218.345205178116,22.7135388816674,-2.71465518434206,17.9405867949677,75.4468778867284,8.20328544698558,22.9468904168921,89.3854508588119,74.0713213825806,1566.76391864966,13.7278511582921
"6",196,10.6965934855362,205.963548324347,23.6158824488296,-2.26313473189322,16.2725427807378,71.97200236265,9.50777621115253,24.1320293194269,92.390086008289,70.086104154554,1481.43495805257,13.849478189773
"7",249,9.06905246541225,201.668222035252,22.8586621583943,-2.47442313499139,20.917043964428,68.7327119260877,8.61491418089324,23.275209527236,87.757787064335,65.3210418443989,1516.45582545509,14.0680130360955
"8",303,9.4472527524458,210.240410116508,23.1284379264329,-2.33638069261895,23.909690765229,73.5144123214807,8.68683868594878,23.8486693035365,83.1370211587824,70.8539077810335,1523.41024729488,13.9474905905447
"9",340,10.306838361662,194.936321039923,23.6256685447231,-1.59743611239255,22.2464732677997,62.4012478992186,10.19376051629,24.0464466293133,82.816477617397,57.7441273559153,1450.47465857745,14.7038890662349
"10",361,9.94419958483611,197.473413812426,23.4716786331625,-2.08320364331536,20.5409325041535,62.0815213152361,9.08388846960269,23.8803138220231,82.7322544831312,57.4062600282607,1328.55720211993,14.8698300465013
"11",377,8.93165400129449,195.84653940076,22.6978294050799,-2.83141025331892,21.0801222825329,61.1497153652564,8.18708897492122,23.1249714993899,82.8420207421841,60.1605373836622,1462.42042334228,14.8169190570756
"12",402,9.16645838411425,207.956641806392,23.1001201402369,-2.57556405279426,26.1161042977195,69.2164746997981,8.55479940246181,23.6198068014741,95.0317318728831,67.7162782172039,1493.96079245847,14.5994479144672
"13",428,9.26786557346225,202.781184124345,22.5098435134901,-1.64468997363615,23.3381512731521,63.2862906202421,8.82498990546181,23.1487149743664,84.0830184422288,61.5343830531887,1531.61438917457,14.7392068634788
"14",650,8.56829862290072,335.390415249336,21.4927354533359,-2.87449406333602,29.2492373483021,122.740627804454,7.38212423874085,21.9906341174578,154.364712881128,115.097859814155,2292.70241105903,13.3239188766062
"15",845,9.10843454340976,208.245722862013,22.5791716266268,-2.07333082162398,22.1499513762505,71.0990343910629,8.43293115761361,23.1910047610976,89.3232579172872,67.3276073682373,1572.60037186661,14.2341660854911
"16",1054,10.7462884233271,217.153167301365,23.8111784840647,-2.15302803107459,16.8346605571779,75.6492928172631,9.49953104112822,24.4412094906973,101.623428351033,75.419965250384,1559.18176767446,13.8841438122505
"17",1327,8.75661032946934,219.292851163252,22.201115294741,-2.57294968267638,26.2354038013475,73.7940667846286,7.94388864972802,22.8968390710128,91.7439393586788,67.7380746931854,1582.21563901541,14.0297601130167
"18",1649,9.50024210244622,223.670174866815,22.6470139289475,-2.64372556393728,22.812376238125,78.5622527738305,8.543225559475,23.3422388804046,100.895665525923,75.173755360093,1674.87500687317,13.8759134890797
"19",1789,9.11753045806415,311.884108746602,21.7014883273523,-1.73208069386466,26.0607444218507,115.985624071455,8.51378883164532,22.1233731752482,139.79507252709,106.613439896874,2232.0608156822,13.5089794620302
"20",1859,9.93039719582436,196.157012583633,22.556670432172,-1.13085492211642,20.7871405497834,62.1283007383352,9.87526861710729,23.2039617808195,84.1172170798031,59.2824309925617,1488.41029659739,14.7742105478933
"21",1951,8.12923738179294,284.764933761639,21.3586920033498,-4.07027321114859,25.5077766146178,102.380338178886,7.17661192410109,21.7142219629745,122.154708149424,93.9729822377895,2114.02447901741,13.5424893257591
"22",2135,9.47196353441074,216.833182361773,22.9600977657166,-1.81081671157241,20.8282846766345,76.2038841114418,8.72878482017311,23.64842756289,99.4750909778454,72.9851827823758,1508.29614494654,13.876798235552
"23",2226,8.893308106486,205.674707847774,22.348930378763,-3.08338601810525,24.2046681308567,74.5220553939042,7.93151107379268,23.107843059618,91.3128529560801,69.8746722013125,1588.64030926442,13.8795596735348
"24",2450,9.04170540018642,205.942396478481,22.7715088520255,-2.67060840320405,24.629760189766,67.3738665682918,8.27229895445352,23.3416232445257,82.0846515998601,65.4806677555908,1506.17936917471,14.2680544941903
"25",2582,9.18056284306208,205.390369694579,22.6352824146202,-1.97352402639053,21.907691209898,69.9722104181686,8.76693619722508,23.3010690427542,86.7688659335437,66.861497388162,1562.7735930263,14.2403760275783
"26",2714,9.29844380685518,215.200783758798,22.2288007803596,-2.34603074523361,24.3021588397961,73.6915788528918,8.90485303142242,22.98441476476,93.5762304791994,70.3722998195734,1643.94797345495,13.8290856621224
"27",2978,8.71609629550362,339.008127905393,21.2857652529367,-2.39363534465302,32.5992560114779,122.988060173568,7.60490437134126,21.8664419513206,154.013684524778,113.716592013134,2316.98684457694,13.1019025144518
"28",3186,9.02613933517607,331.48307199249,21.677547469923,-1.83302450956267,29.0271965626362,119.852166258148,8.35546981879465,22.0342512701872,150.233325014325,108.949287758497,2188.39948285775,13.4499733109232
"29",3393,9.49239603517346,366.371473833036,21.6707275284998,-2.73631017788127,25.5882976760478,120.288942910355,8.19264396055354,21.7548683064324,166.335410653173,114.53701633517,2537.60543461346,12.4224931285273
"30",3809,8.82169437585304,396.476496032212,20.9680634843436,-2.49445369515363,26.4164704381839,150.735204397944,7.91433378322939,21.6541766193315,186.525741723767,154.464198786098,2599.92576154879,13.0463248690346
"31",4017,8.8943963417166,426.828429593927,20.4224181721801,-1.70840482382167,28.4141186494652,138.970728166658,8.45480747109408,20.9278725268665,182.073568351184,128.430578801776,2830.40993501248,12.1189488378463
"32",4227,8.71937876233972,439.878124852397,20.3765884905337,-2.87308337357234,30.6148008148461,146.587874916379,7.9463493793638,20.9207747716109,184.550745200088,136.088318749482,2850.27763845277,12.4067891884941
"33",4333,8.20176883320564,437.732831707015,19.9780026010937,-3.14169337785342,29.3739933944454,150.206795121562,7.05574928768768,20.6114149468581,186.943927030008,136.027328553453,2929.01293995539,11.7413445114709
"34",4438,8.41280590505664,450.540069504784,18.4021688876002,-1.74614574542216,44.351204976843,152.338699867164,7.96389598201791,19.2437203012945,190.773485591257,137.401363493476,3672.6368612302,11.2351704376741
"35",5157,8.3457994167892,499.282943275706,19.5611623208669,-2.60000452639839,40.5393401102978,180.038860396083,7.49311258534854,20.2606925766996,218.854274138245,174.267521870582,3630.32025262648,11.821620114397
"36",6652,7.07975632316982,478.563282795646,19.0083363929053,-5.26929327066289,34.3595278880355,161.403776739003,5.72839828296403,19.2755912062855,205.309424107125,158.994376302557,3699.80783185397,12.0649573413654
"37",7111,7.98113057624222,540.968844939036,18.6014806423084,-3.25905172367364,46.3958141411522,182.926767115545,6.93948573360353,19.1418543185726,225.690451563219,176.058586197217,4037.94363372169,11.6142823914028
"38",7196,9.57973622577056,424.736863111522,20.5003791799101,-2.6983646145477,28.9057154914039,154.193701386853,8.99738932848326,20.7133180306269,183.185172030599,142.130512054983,2681.00823949448,12.1288946834741
"39",7364,4.53931554212618,449.30402968503,17.1077433472685,-7.03583468527315,36.4474585074689,139.256865783782,3.57392357644554,17.5713949894854,185.430559001753,140.952472513267,3573.24521605298,11.2952988038974
"40",7569,7.54631141629615,443.075866483548,19.1583718848932,-4.84337651996239,44.8796297088489,149.885890813994,6.47569663475291,19.7781036946869,181.329664716726,129.532093325663,3234.23225233932,11.9519820644444
"41",7693,7.30384592722909,481.130689122144,16.811659812127,-3.69910500415024,35.2744855520724,149.345859261106,6.27165521772182,17.5273020560221,201.906303775743,148.359284067623,4167.2435056453,10.7122271750088
"42",8012,8.43399732454111,464.153321375423,19.4170587354847,-2.75703618451249,36.8114992559539,154.232585791308,7.41892078184755,20.1466870004814,192.998219209884,143.629554732889,3710.48719039306,11.992009402547
"43",8197,10.3198629750218,454.339178525968,21.6444544021937,-2.25788160970506,22.8623915507162,154.829358031393,9.70171104592707,21.9248162699666,198.626882017714,157.380686873594,2828.187535568,12.8958559895086
"44",8335,11.8763004804544,420.860639058286,21.8803332687103,-0.173733625616438,20.1935900912731,154.061596623209,11.1137227347128,21.8302470945322,190.661849991566,150.951171404982,2625.89828183992,12.5699734570625
"45",8498,8.51690721128514,400.743692035655,20.6598847830855,-3.17604537381324,41.7070792392003,137.078343698647,7.48258585306711,21.0447718522112,177.165947856505,125.326929904394,2780.14648191093,12.5168867379745
"46",8799,9.08371863031451,482.705057162741,20.1020020765635,-3.81825289163737,31.1000067015662,155.515149813661,7.98286145229111,19.9768999068271,193.417014180156,157.259806984991,3394.52006292454,12.2962500404694
"47",8933,8.72683913199876,477.96571123211,20.5778920372927,-3.02315566237953,34.5811943442791,167.161891430668,7.68645750975099,20.954597914906,211.231020471995,172.176917570384,3309.61801715047,12.4457768017218
"48",9114,9.4647702637334,213.397637012689,23.3345882797782,-2.58245964194345,25.9357985271293,74.7298833417634,8.84851072458796,24.0027983046794,87.8820833189559,74.6514520410253,1574.85772975393,13.7064993861286
"49",9246,10.8709898108683,404.124378906212,21.8472213100666,-1.45637020102995,33.6207157943838,131.243441300029,9.94274405914091,21.8696197501906,182.283571564703,124.958756830746,2531.62220474226,12.5809661550282
"50",9424,8.82105285608552,449.64164878519,20.7283168719124,-3.09929841314858,32.6875386839174,152.050912003425,7.79085313042336,20.9593623976568,191.025232536021,138.353649060853,2943.43188471132,12.4412097977223
"51",9737,8.79041828003294,501.882812301594,20.468422254134,-3.03755030084575,37.1018920353625,168.119556119577,7.58816924877396,20.8609723045352,216.340454697065,171.557390182434,3399.39171069808,12.1608730815064
"52",9926,8.98502212101862,407.543295255726,21.4704588054347,-2.4631444516995,40.0044962336014,134.209378186864,8.4730206457309,21.623550069732,178.807268480453,123.470591286792,2720.33202863753,12.5247289985911
"53",9958,8.71989288308398,472.791744245323,20.0538799935744,-2.69392490879273,43.0133043979937,162.348161899474,7.79771597086094,20.8522273930433,198.611316932476,142.578130667371,3224.91175708744,12.1501912056909
