"","Age","MPCOQ","MAAT","MAF","AI"
"1",-55,86.0408580253429,4.01467475005877,10.442635509319,2925.98532155141
"2",-12,21.9982405595937,-0.936086001681355,8.16659343852987,3975.59990390429
"3",34,29.0447470991822,-0.369183846402916,8.84402137784099,3727.034348136
"4",66,40.0063467842618,1.50586630694621,9.5023525310436,3529.83994850197
"5",120,-1.30079625904489,-1.74789323744525,6.81317418114538,3727.7244408183
"6",151,9.73379112264518,1.27680864325721,7.29059067332216,4046.68596526523
"7",183,32.6293349039625,1.31669897337602,9.4739524927578,3492.35084148849
"8",214,47.4407524213312,2.74702266171939,7.88305575546559,4235.90776846755
"9",249,80.184791082251,3.54102983389979,7.89545624869656,4682.04066113976
"10",287,30.9550667792395,2.55825619855664,7.32005080522957,3436.90167729217
"11",324,21.2125246638688,2.63409488550023,7.92947470577414,3224.23205385001
"12",361,17.1113771128146,3.89299540093555,8.43094460614873,3531.2041290854
"13",402,22.0752775380711,3.81344555017125,8.37962319352993,3161.09785787295
"14",650,15.7937840105296,0.784232891785843,7.29451762954044,3958.73726739619
"15",845,33.5448266179119,2.9116076241336,8.45085309706731,3450.41348131886
"16",1054,9.17841799214601,2.36986484788722,8.12039203036273,3301.00547292619
"17",1649,29.9583944367721,4.55326784613442,8.97628471164704,3314.08735505912
"18",1859,7.24454313137455,3.5316187098712,9.5714382038661,2633.19974759629
"19",2135,1.31500369771072,2.16939187619092,10.6344916262169,1922.39024027031
"20",2450,3.2173867015291,2.21096778309862,10.179382004573,2709.41970353605
"21",2582,5.94553549238943,0.504815435391162,8.35335306266002,3319.66984240527
"22",2714,1.17309420582094,2.35875675509451,11.8007295211918,1705.45956122995
"23",2978,25.4270072486841,6.29970688599441,12.5129476082183,1767.95128306095
"24",3186,15.0401347192946,4.69188995646083,12.7220210815718,1581.27576075707
"25",3393,27.6411892914065,3.94614625803114,11.3973862541855,2135.06827187732
"26",3809,18.4477395860133,1.08256604569126,8.91146296470787,2501.72449575149
"27",4017,32.2068646275266,1.19232198139641,8.75600451087418,2998.26797988462
"28",4227,19.7313622005735,0.342977919540606,8.28117184706618,2561.49606586591
"29",4333,38.0792230051168,1.33816194065981,10.0088402869863,2520.80234838993
"30",4438,36.820576066488,2.42084218313797,10.4991631147565,2441.30461209167
"31",5157,26.176755683737,1.79621851085203,9.86513387333914,2317.90385957374
"32",6652,19.8455407873235,4.15274862625747,11.16903426204,1701.77999065985
"33",7111,11.7679871460398,3.46264264683816,9.68998070271549,2584.11483346716
"34",7196,14.5899289595721,2.79521835013558,10.7753035582462,2744.66042670994
"35",7364,14.4846796796109,2.74673624333267,10.4817942855039,2888.83320232718
"36",7569,16.4448785803578,1.22504256099129,10.0918495809633,3237.05791030296
"37",7622,17.052335746604,2.02938988819656,9.10263094830882,3183.82961436869
"38",7693,9.98444743337447,0.613488075799557,10.0824951593594,3405.38912238161
"39",7746,-5.44382771278512,0.735261340580878,9.58909735187811,2623.94276107161
"40",7874,-4.33016001786318,1.30477324052784,8.79084564674574,2711.8386233244
"41",8012,-10.3571918173076,1.69797669003639,9.73469729122727,1851.6094636179
"42",8197,-3.69131356536083,1.35696611915238,9.88869553819341,2375.93025737608
"43",8335,0.577739073112472,3.97210612115953,12.4599943290526,1400.7745220716
"44",8498,7.72915140345716,3.5899675783905,12.8629528833706,1193.16856372429
"45",8625,4.86311570597059,2.28462406623161,9.92861346556255,1605.95538343012
"46",8799,18.9214033122497,4.3607170867097,12.3763020350066,1184.12420876617
"47",8933,14.7542411868854,2.87470244008931,11.833322995671,1659.23844518745
"48",9114,14.1878952592069,5.27915523747592,13.2470307853677,761.337255866472
"49",9246,35.3503392451889,6.52866729814876,13.9442238741217,968.686546066375
"50",9424,14.9449377069513,6.64649269996724,12.8676808306503,1546.25504513255
"51",9563,40.5110677410398,7.08856910932441,13.1903596736087,1552.50259207902
"52",9648,39.8789183344971,9.00676590528417,13.854230094812,944.918543907858
"53",9687,30.9565206548933,4.99818180919133,13.371572119194,1912.96456880199
"54",9737,70.7853044365064,12.7063634955752,15.127939827129,828.328852068453
"55",9776,24.7193340604266,5.39403632494801,11.6511994368522,1980.36497903391
"56",9827,38.7420905333274,5.7957234849651,12.718451372782,1310.91855192645
"57",9863,41.6735269684129,5.18818917071319,10.7208118092813,2820.45384870948
"58",9888,32.5895700881226,5.02153146079589,12.0096434314717,2338.11966007
"59",9926,28.8470403970176,5.6324131184478,11.6730636835837,2309.63327627008
"60",9958,4.3093402941598,3.08719670491189,10.0485380133017,2458.35977559668
